Title,Price,URL
Appartement vide en location prestigia golf city,11000,https://www.mubawab.ma/fr/a/7992020/appartement-vide-en-location-prestigia-golf-city
Appartement F3 GRANDE TERRASSE Piscine Golf,8000,https://www.mubawab.ma/fr/a/7696720/appartement-f3-grande-terrasse-piscine-golf
Appartement vide Golf grande terrasse,15000,https://www.mubawab.ma/fr/a/8367012/appartement-vide-golf-grande-terrasse
Havre de paix,27000,https://www.mubawab.ma/fr/a/8387454/havre-de-paix
Belle villa a louer meuble a bab atlas,27000,https://www.mubawab.ma/fr/a/8279380/belle-villa-a-louer-meuble-a-bab-atlas
Magnifique villa 4 chambres avec piscine chauffée,27000,https://www.mubawab.ma/fr/a/8382068/magnifique-villa-4-chambres-avec-piscine-chauff%C3%A9e
"Appartement 3 Chambres, Piscine Commune, Gueliz",17500,https://www.mubawab.ma/fr/a/8332604/appartement-3-chambres-piscine-commune-gueliz
Le Vizir - Appartements de standing à Marrakech,À partir de 1 515 000 DH,https://www.mubawab.ma/fr/p/4159/le-vizir-appartements-de-standing-%C3%A0-marrakech
"Duplex 2 Chambres avec Terrasse, Guéliz, Marrakech",15500,https://www.mubawab.ma/fr/a/8367389/duplex-2-chambres-avec-terrasse-gu%C3%A9liz-marrakech
"Magnifique appartement, trois pièces à louer",18000,https://www.mubawab.ma/fr/a/8383876/magnifique-appartement-trois-pi%C3%A8ces-%C3%A0-louer
Très belle opportunité à ne pas,25000,https://www.mubawab.ma/fr/a/8390700/tr%C3%A8s-belle-opportunit%C3%A9-%C3%A0-ne-pas
Appartement à louer à Hivernage. 2 chambres confortables. Ca...,7000,https://www.mubawab.ma/fr/a/8385978/appartement-%C3%A0-louer-%C3%A0-hivernage-2-chambres-confortables-cave
Belle maison plain pied à louer route de Fès,13000,https://www.mubawab.ma/fr/a/8392489/belle-maison-plain-pied-%C3%A0-louer-route-de-f%C3%A8s
Location villa de luxe à Route de Tahanaout. 5 grandes pièce...,43000,https://www.mubawab.ma/fr/a/7511340/location-villa-de-luxe-%C3%A0-route-de-tahanaout-5-grandes-pi%C3%A8ces-bien-meubl%C3%A9
Location d'un appartement à Agdal. Surface totale 80 m². Fen...,1000,https://www.mubawab.ma/fr/a/7456327/location-d-un-appartement-%C3%A0-agdal-surface-totale-80-m%C2%B2-fen%C3%AAtres-avec-double-vitrage-et-porte-blind%C3%A9e
Appartement en location longue durée,9000,https://www.mubawab.ma/fr/a/8378927/appartement-en-location-longue-dur%C3%A9e
Agréable Appartement En Location longue durée meub,7000,https://www.mubawab.ma/fr/a/7911606/agr%C3%A9able-appartement-en-location-longue-dur%C3%A9e-meub
Appartement en location longue durée,6000,https://www.mubawab.ma/fr/a/8381544/appartement-en-location-longue-dur%C3%A9e
"Location Longue Duree Villa, très bien Meublée, à quelques m...",35000,https://www.mubawab.ma/fr/a/8379828/location-longue-duree-villa-tr%C3%A8s-bien-meubl%C3%A9e-%C3%A0-quelques-minutes-du-centre-ville-route-du-barrage
Belles magasin loyer à Marrakech,20000,https://www.mubawab.ma/fr/a/8200937/belles-magasin-loyer-%C3%A0-marrakech
Très belle appartement à pristigia à louer,10000,https://www.mubawab.ma/fr/a/8382699/tr%C3%A8s-belle-appartement-%C3%A0-pristigia-%C3%A0-louer
Location d'un appartement à Guéliz. 2 belles chambres. Meubl...,6500,https://www.mubawab.ma/fr/a/8382315/location-d-un-appartement-%C3%A0-gu%C3%A9liz-2-belles-chambres-meubl%C3%A9
"Neuf, Front golf, Lumineuse",29000,https://www.mubawab.ma/fr/a/8320632/neuf-front-golf-lumineuse
"Villa Moderne aux Volumes Généreux, 5min du Centre",45000,https://www.mubawab.ma/fr/a/8379623/villa-moderne-aux-volumes-g%C3%A9n%C3%A9reux-5min-du-centre
Bel appartement de 2 chambres a Louer vide,7500,https://www.mubawab.ma/fr/a/8348114/bel-appartement-de-2-chambres-a-louer-vide
Appartement jardin 3 ch piscine,19000,https://www.mubawab.ma/fr/a/8376330/appartement-jardin-3-ch-piscine
Appartement meublé 2 chambres à coté de Mabrouka,4500,https://www.mubawab.ma/fr/a/8368753/appartement-meubl%C3%A9-2-chambres-%C3%A0-cot%C3%A9-de-mabrouka
À louer Appartement 100 m² à M’Hamid 7,5000,https://www.mubawab.ma/fr/a/8312349/%C3%A0-louer-appartement-100-m%C2%B2-%C3%A0-m%E2%80%99hamid-7
Appartement en location à Camp Al Ghoul. Surface totale 110...,5500,https://www.mubawab.ma/fr/a/8392729/appartement-en-location-%C3%A0-camp-al-ghoul-surface-totale-110-m%C2%B2
Magnifique riad à louer à Moulay Lyazid. 7 grandes pièces à...,50000,https://www.mubawab.ma/fr/a/8392716/magnifique-riad-%C3%A0-louer-%C3%A0-moulay-lyazid-7-grandes-pi%C3%A8ces-%C3%A0-vivre-jardin-et-terrasse
Villa Location Longue Durée Route Amizmiz,38000,https://www.mubawab.ma/fr/a/8386584/villa-location-longue-dur%C3%A9e-route-amizmiz
Villa neuve 1ère occupation Non meublée,28000,https://www.mubawab.ma/fr/a/8336619/villa-neuve-1%C3%A8re-occupation-non-meubl%C3%A9e
Charmante villa au calme,16000,https://www.mubawab.ma/fr/a/8370113/charmante-villa-au-calme
